{
"lengthUnit": "mil",
"components": {
	"fields": ["COMPONENT_NO", "COMPONENT_NAME", "LAYER", "X_COORDINATE", "Y_COORDINATE", "ANGLE"],
	"rows": [
		[1, "C1", "T", 2730, 655, 180],
		[2, "C2", "T", 1475, 1735, 0],
		[3, "C3", "T", 3740, 2465, 180],
		[4, "C4", "T", 3195, 1235, 90],
		[5, "C5", "T", 4110, 1690, 0],
		[6, "H1", "T", 826, 2951.06, 0],
		[7, "Q1", "T", 1520, 1085, 0],
		[8, "R1", "T", 1435, 2820, 0],
		[9, "R2", "T", 1235, 400, 90],
		[10, "R3", "T", 2315, 1060, 0],
		[11, "U1", "T", 2820, 2340, 0],
		[12, "U2", "T", 4055, 1120, 0],
		[13, "VCC", "T", 2600, 2930, 0]
	]
},
"pins": {
	"fields": ["PIN_NO", "PIN_NAME", "PIN_X", "PIN_Y", "LAYER", "PIN_TYPE", "NET_NAME", "NET_TYPE", "PAD_SHAPE", "PAD_SIZEX", "PAD_SIZEY", "HOLE_SIZE", "PAD_ANGLE"],
	"rows": [
		[1, "C1_1", 2828.42, 655, "T", "DIP", "$1N905", "", "C", 62.99, 62.99, 39.37, 180],
		[2, "C1_1", 2828.42, 655, "B", "DIP", "$1N905", "", "C", 62.99, 62.99, 39.37, 180],
		[3, "C1_2", 2631.58, 655, "T", "DIP", "$1N851", "", "C", 62.99, 62.99, 39.37, 180],
		[4, "C1_2", 2631.58, 655, "B", "DIP", "$1N851", "", "C", 62.99, 62.99, 39.37, 180],
		[5, "C2_1", 1376.58, 1735, "T", "DIP", "$1N945", "", "C", 62.99, 62.99, 39.37, 0],
		[6, "C2_1", 1376.58, 1735, "B", "DIP", "$1N945", "", "C", 62.99, 62.99, 39.37, 0],
		[7, "C2_2", 1573.42, 1735, "T", "DIP", "$1N910", "", "C", 62.99, 62.99, 39.37, 0],
		[8, "C2_2", 1573.42, 1735, "B", "DIP", "$1N910", "", "C", 62.99, 62.99, 39.37, 0],
		[9, "C3_1", 3838.42, 2465, "T", "DIP", "GND", "GND", "C", 62.99, 62.99, 39.37, 180],
		[10, "C3_1", 3838.42, 2465, "B", "DIP", "GND", "GND", "C", 62.99, 62.99, 39.37, 180],
		[11, "C3_2", 3641.58, 2465, "T", "DIP", "$1N941", "", "C", 62.99, 62.99, 39.37, 180],
		[12, "C3_2", 3641.58, 2465, "B", "DIP", "$1N941", "", "C", 62.99, 62.99, 39.37, 180],
		[13, "C4_1", 3195, 1185, "T", "DIP", "$1N905", "", "C", 62.99, 62.99, 39.37, 90],
		[14, "C4_1", 3195, 1185, "B", "DIP", "$1N905", "", "C", 62.99, 62.99, 39.37, 90],
		[15, "C4_2", 3195, 1285, "T", "DIP", "GND", "GND", "C", 62.99, 62.99, 39.37, 90],
		[16, "C4_2", 3195, 1285, "B", "DIP", "GND", "GND", "C", 62.99, 62.99, 39.37, 90],
		[17, "C5_1", 4060, 1690, "T", "DIP", "GND", "GND", "C", 62.99, 62.99, 39.37, 0],
		[18, "C5_1", 4060, 1690, "B", "DIP", "GND", "GND", "C", 62.99, 62.99, 39.37, 0],
		[19, "C5_2", 4160, 1690, "T", "DIP", "$1N910", "", "C", 62.99, 62.99, 39.37, 0],
		[20, "C5_2", 4160, 1690, "B", "DIP", "$1N910", "", "C", 62.99, 62.99, 39.37, 0],
		[21, "H1_1", 826, 2951.06, "T", "DIP", "$1N910", "", "R", 55.12, 55.12, 35.43, 0],
		[22, "H1_1", 826, 2951.06, "B", "DIP", "$1N910", "", "R", 55.12, 55.12, 35.43, 0],
		[23, "Q1_1", 1570, 1060, "T", "DIP", "$1N941", "", "C", 51.18, 51.18, 31.5, 180],
		[24, "Q1_1", 1570, 1060, "B", "DIP", "$1N941", "", "C", 51.18, 51.18, 31.5, 180],
		[25, "Q1_2", 1520, 1110, "T", "DIP", "$1N851", "", "C", 51.18, 51.18, 31.5, 270],
		[26, "Q1_2", 1520, 1110, "B", "DIP", "$1N851", "", "C", 51.18, 51.18, 31.5, 270],
		[27, "Q1_3", 1470, 1060, "T", "DIP", "$1N945", "", "C", 51.18, 51.18, 31.5, 180],
		[28, "Q1_3", 1470, 1060, "B", "DIP", "$1N945", "", "C", 51.18, 51.18, 31.5, 180],
		[29, "R1_1", 1232.24, 2820, "T", "DIP", "$1N945", "", "C", 60, 60, 39.37, 0],
		[30, "R1_1", 1232.24, 2820, "B", "DIP", "$1N945", "", "C", 60, 60, 39.37, 0],
		[31, "R1_2", 1637.76, 2820, "T", "DIP", "$1N845", "", "C", 60, 60, 39.37, 0],
		[32, "R1_2", 1637.76, 2820, "B", "DIP", "$1N845", "", "C", 60, 60, 39.37, 0],
		[33, "R2_1", 1235, 258.27, "T", "DIP", "$1N930", "", "C", 47.24, 47.24, 31.5, 90],
		[34, "R2_1", 1235, 258.27, "B", "DIP", "$1N930", "", "C", 47.24, 47.24, 31.5, 90],
		[35, "R2_2", 1235, 541.73, "T", "DIP", "$1N851", "", "C", 47.24, 47.24, 31.5, 90],
		[36, "R2_2", 1235, 541.73, "B", "DIP", "$1N851", "", "C", 47.24, 47.24, 31.5, 90],
		[37, "R3_1", 2108.31, 1060, "T", "DIP", "$1N930", "", "C", 55.12, 55.12, 27.56, 0],
		[38, "R3_1", 2108.31, 1060, "B", "DIP", "$1N930", "", "C", 55.12, 55.12, 27.56, 0],
		[39, "R3_2", 2521.69, 1060, "T", "DIP", "$1N941", "", "C", 55.12, 55.12, 27.56, 0],
		[40, "R3_2", 2521.69, 1060, "B", "DIP", "$1N941", "", "C", 55.12, 55.12, 27.56, 0],
		[41, "U1_1", 2619.21, 2340, "T", "DIP", "$1N851", "", "C", 55.12, 55.12, 31.5, 0],
		[42, "U1_1", 2619.21, 2340, "B", "DIP", "$1N851", "", "C", 55.12, 55.12, 31.5, 0],
		[43, "U1_2", 3020.79, 2340, "T", "DIP", "$1N845", "", "C", 55.12, 55.12, 31.5, 0],
		[44, "U1_2", 3020.79, 2340, "B", "DIP", "$1N845", "", "C", 55.12, 55.12, 31.5, 0],
		[45, "U2_1", 3769.57, 1120, "T", "DIP", "$1N905", "", "C", 74, 74, 39.37, 0],
		[46, "U2_1", 3769.57, 1120, "B", "DIP", "$1N905", "", "C", 74, 74, 39.37, 0],
		[47, "U2_2", 4340.43, 1120, "T", "DIP", "$1N910", "", "C", 74, 74, 39.37, 0],
		[48, "U2_2", 4340.43, 1120, "B", "DIP", "$1N910", "", "C", 74, 74, 39.37, 0],
		[49, "VCC_1", 2550, 2930, "T", "DIP", "$1N845", "", "R", 66.93, 66.93, 39.37, 0],
		[50, "VCC_1", 2550, 2930, "B", "DIP", "$1N845", "", "R", 66.93, 66.93, 39.37, 0],
		[51, "VCC_2", 2650, 2930, "T", "DIP", "GND", "GND", "C", 66.93, 66.93, 39.37, 0],
		[52, "VCC_2", 2650, 2930, "B", "DIP", "GND", "GND", "C", 66.93, 66.93, 39.37, 0]
	]
}
}